friable = friable

riki = riki
tofu = tofu
red-pepper-tofu = red-pepper-tofu
mint-tofu = mint-tofu
wormwood-tofu = wormwood-tofu
freeze-dried-tofu = freeze-dried-tofu
mastard-tofu = mastard-tofu
ice-tofu = ice-tofu
gold-sesame-tofu = gold-sesame-tofu
black-sesame-tofu = black-sesame-tofu

small = small
medium = medium
large = large
grassy-square1 = grassy-square1